Nombre del Producto;Lote;Proveedor;Clases de Peligro SGA PRINCIPAL;Palabra de Señal;Explosivo;Inflamable;Comburente;Gas Bajo Presión;Corrosivo;Toxicidad Aguda;Irritante;Toxicidad Crónica;Tóxico para Medio Ambiente;Peso Total del Bulk (gramos);Fecha Manufactura;Fecha Vencimiento;Línea de Mercado
ACTICIDE 45;MX-248194-2608;THOR;Corrosivo;PELIGRO;No;No;No;No;Si;Si;Si;No;Si;100;15/08/2024;15/08/2026;INDUSTRIAL
ACTICIDE BW 20;MX-263741-2711;THOR;Corrosivo;PELIGRO;No;No;No;No;Si;No;Si;No;Si;100;14/11/2025;14/11/2027;INDUSTRIAL
ACTICIDE CBM2;MX-257218-2602;THOR;Corrosivo;PELIGRO;No;No;No;No;Si;No;Si;No;Si;100;07/05/2025;07/02/2026;INDUSTRIAL
ACTICIDE CBM2;MX-261857-2606;THOR;Corrosivo;PELIGRO;No;No;No;No;Si;No;Si;No;Si;2800;15/09/2025;15/06/2026;INDUSTRIAL
ACTICIDE EPW;MX-261127-2608;THOR;Corrosivo;PELIGRO;No;No;No;No;Si;No;Si;Si;Si;400;27/08/2025;27/08/2026;INDUSTRIAL
ACTICIDE HF;MX-241628-2508;THOR;Corrosivo;PELIGRO;No;No;No;No;Si;No;Si;Si;Si;2100;19/02/2024;22/02/2026;INDUSTRIAL
ACTICIDE HF;MX-257851-2611;THOR;Corrosivo;PELIGRO;No;No;No;No;Si;No;Si;Si;Si;400;20/11/2024;20/11/2026;INDUSTRIAL
ACTICIDE IPS 20;MX-250986-2606;THOR;Corrosivo;PELIGRO;No;No;No;No;Si;No;Si;No;Si;200;23/06/2025;23/06/2026;INDUSTRIAL
ACTICIDE LA 1206;MX-245898-2512;THOR;Corrosivo;PELIGRO;No;No;No;No;Si;No;Si;No;Si;1700;20/06/2024;20/12/2025;INDUSTRIAL
ACTICIDE LA 1206;MX-256456-2610;THOR;Corrosivo;PELIGRO;No;No;No;No;Si;No;Si;No;Si;200;08/04/2025;08/10/2026;INDUSTRIAL
ACTICIDE LA 1206;257810-2611;THOR;Corrosivo;PELIGRO;No;No;No;No;Si;No;Si;No;Si;900;22/05/2025;22/11/2026;INDUSTRIAL
ACTICIDE LA 1206;MX-262978-2704;THOR;Corrosivo;PELIGRO;No;No;No;No;Si;No;Si;No;Si;900;22/10/2025;22/04/2027;INDUSTRIAL
ACTICIDE LV 706;RP-0157023003-2510;THOR;Toxico;ATENCIÓN;No;No;No;No;No;No;Si;No;Si;400;03/05/2024;25/10/2025;INDUSTRIAL
ACTICIDE MBS;MX-252316-2512;THOR;Corrosivo;PELIGRO;No;No;No;No;Si;No;Si;No;Si;300;05/12/2024;05/12/2025;INDUSTRIAL
ACTICIDE MV;MX-256423-2610;THOR;Corrosivo;PELIGRO;No;No;No;No;Si;No;Si;No;Si;300;10/04/2025;10/10/2026;INDUSTRIAL
ACTICIDE OF 1;MX-256426-2604;THOR;Corrosivo;PELIGRO;No;No;No;No;Si;No;Si;No;Si;200;07/04/2025;07/04/2026;INDUSTRIAL
ACTICIDE RS;MX-257785-2705;THOR;Corrosivo;PELIGRO;No;No;No;No;Si;No;Si;No;Si;200;19/05/2025;19/05/2027;INDUSTRIAL
ACTICIDE ZPD1;RP-0183081002-2601;THOR;Corrosivo;ATENCIÓN;No;No;No;No;Si;No;Si;No;Si;200;13/01/2025;13/01/2026;INDUSTRIAL
ACTIWHITE LS 9808;27430998;BASF;Toxico;ATENCIÓN;No;No;No;No;No;No;Si;No;No;450;13/12/2023;13/12/2025;COSMETICA
ADVANCED MOISTURE COMLEX NP;28031712;BASF;Sin Riesgo;INERTE (no requiere);No;No;No;No;No;No;No;No;No;575;05/07/2024;04/07/2026;COSMETICA
AGNIQUE AMD 3L;29283701;BASF;Sin Riesgo;INERTE (no requiere);No;No;No;No;No;No;No;No;No;600;19/11/2025;19/11/2027;INDUSTRIAL
AH CARE L 65;29153277;BASF;Corrosivo;PELIGRO;No;No;No;No;Si;No;No;No;No;350;23/10/2025;16/04/2027;COSMETICA
ANASENSYL LS 9322;28491109;BASF;Toxico;ATENCIÓN;No;No;No;No;No;No;Si;No;No;50;11/07/2024;11/07/2026;COSMETICA
ARBOCEL M 80;72813230809;JRS;Sin Riesgo;ATENCIÓN;No;No;No;No;No;No;No;No;No;400;01/08/2023;01/08/2026;FARMA
ARLYPON F;28338228;BASF;Sin Riesgo;ATENCIÓN;No;No;No;No;No;No;No;No;Si;1100;22/05/2024;22/05/2026;COSMETICA
ARLYPON TT;29641145;BASF;Sin Riesgo;ATENCIÓN;No;No;No;No;No;No;No;No;Si;1200;26/08/2025;17/02/2027;COSMETICA
ASCORBIL FOSFATO DE SODIO;24182107;BASF;Sin Riesgo;ATENCIÓN;No;No;No;No;No;No;No;No;No;400;03/05/2024;03/05/2026;COSMETICA
ASEBIOL LS 2539 BT 2;27750061;BASF;Toxico;ATENCIÓN;No;No;No;No;No;No;Si;No;No;425;13/11/2023;12/11/2024;COSMETICA
BICARBONATO DE SODIO;25CSBIF015;SUDEEP;Sin Riesgo;ATENCIÓN;No;No;No;No;No;No;No;No;No;200;01/03/2025;01/02/2030;FARMA
BIOPHYTEX LS 9832;28017683;BASF;Sin Riesgo;ATENCIÓN;No;No;No;No;No;No;No;No;No;25;20/08/2024;19/08/2026;COSMETICA
BISABOLOL RAC.;32326047G0;BASF;Toxico;ATENCIÓN;No;No;No;No;No;No;Si;No;Si;775;17/02/2025;18/08/2027;COSMETICA
CAFFEINE POWDER;22042027;BASF;Toxico;ATENCIÓN;No;No;No;No;No;No;Si;No;No;250;25/01/2022;24/01/2027;COSMETICA
CALCIUM STEARATE;24JCSTD003;SUDEEP;Sin Riesgo;ATENCIÓN;No;No;No;No;No;No;No;No;No;200;01/09/2024;01/08/2026;FARMA
CEGESOFT C 24;27639290;BASF;Sin Riesgo;INERTE (no requiere);No;No;No;No;No;No;No;No;No;700;01/10/2023;01/10/2025;COSMETICA
CELLACTOSE 80;L100460525;MEGGLE;Sin Riesgo;INERTE (no requiere);No;No;No;No;No;No;No;No;No;3000;01/02/2025;23/01/2028;FARMA
CELLACTOSE 80;L100464625;MEGGLE;Sin Riesgo;INERTE (no requiere);No;No;No;No;No;No;No;No;No;3000;16/11/2025;05/11/2028;FARMA
CETIOL 868;26556684;BASF;Sin Riesgo;INERTE (no requiere);No;No;No;No;No;No;No;No;No;700;08/10/2022;08/10/2023;COSMETICA
CETIOL AB;P29743D181;BASF;Sin Riesgo;INERTE (no requiere);No;No;No;No;No;No;No;No;No;1000;21/03/2025;12/09/2026;COSMETICA
CETIOL ABV;28134935;BASF;Sin Riesgo;INERTE (no requiere);No;No;No;No;No;No;No;No;No;800;16/03/2024;07/09/2025;COSMETICA
CETIOL B;29731177;BASF;Sin Riesgo;INERTE (no requiere);No;No;No;No;No;No;No;No;No;600;03/10/2025;04/04/2027;COSMETICA
CETIOL C 5;27850893;BASF;Sin Riesgo;INERTE (no requiere);No;No;No;No;No;No;No;No;No;2250;13/12/2023;05/06/2025;COSMETICA
CETIOL CC;0029185223 RSPO;BASF;Sin Riesgo;INERTE (no requiere);No;No;No;No;No;No;No;No;No;700;17/02/2025;17/02/2027;COSMETICA
CETIOL EXTREME;28559372;BASF;Sin Riesgo;ATENCIÓN;No;No;No;No;No;No;No;No;No;800;12/02/2025;28/01/2027;COSMETICA
CETIOL HE;28700434;BASF;Sin Riesgo;INERTE (no requiere);No;No;No;No;No;No;No;No;No;1000;05/11/2024;29/04/2026;COSMETICA
CETIOL J 600;29005773;BASF;Sin Riesgo;INERTE (no requiere);No;No;No;No;No;No;No;No;No;1000;08/05/2025;08/05/2026;COSMETICA
CETIOL MM;29204819;BASF;Sin Riesgo;INERTE (no requiere);No;No;No;No;No;No;No;No;No;900;24/02/2025;24/02/2027;COSMETICA
CETIOL OE;28242271;BASF;Sin Riesgo;INERTE (no requiere);No;No;No;No;No;No;No;No;No;200;18/04/2024;18/04/2026;COSMETICA
CETIOL OE;29212411;BASF;Sin Riesgo;INERTE (no requiere);No;No;No;No;No;No;No;No;No;1000;26/02/2025;26/02/2027;COSMETICA
CETIOL RLF;24465958;BASF;Sin Riesgo;INERTE (no requiere);No;No;No;No;No;No;No;No;No;400;07/05/2021;07/05/2023;COSMETICA
CETIOL RLF;25734157;BASF;Sin Riesgo;INERTE (no requiere);No;No;No;No;No;No;No;No;No;1000;05/01/2023;05/01/2025;COSMETICA
CETIOL SB 45;2905431;BASF;Sin Riesgo;INERTE (no requiere);No;No;No;No;No;No;No;No;No;800;19/12/2024;19/06/2026;COSMETICA
CETIOL SENSOFT;27851906;BASF;Sin Riesgo;INERTE (no requiere);No;No;No;No;No;No;No;No;No;1500;14/12/2023;13/12/2025;COSMETICA
CETIOL SOFTFEEL;24729146;BASF;Sin Riesgo;ATENCIÓN;No;No;No;No;No;No;No;No;No;100;28/06/2021;14/07/2023;COSMETICA
CETIOL ULTIMATE;29147404;BASF;Toxico;PELIGRO;No;No;No;No;No;No;No;Si;No;500;04/02/2025;29/07/2026;COSMETICA
CETIOL V;27851673;BASF;Sin Riesgo;INERTE (no requiere);No;No;No;No;No;No;No;No;No;800;13/03/2024;12/03/2025;COSMETICA
CLORURO DE POTASIO;3424000504;K+S;Sin Riesgo;INERTE (no requiere);No;No;No;No;No;No;No;No;No;1500;29/07/2024;29/07/2027;FARMA
CLORURO DE SODIO;7 24500;ESCO;Sin Riesgo;INERTE (no requiere);No;No;No;No;No;No;No;No;No;500;15/06/2025;12/06/2028;FARMA
CLORURO DE SODIO;6 25500;ESCO;Sin Riesgo;INERTE (no requiere);No;No;No;No;No;No;No;No;No;500;21/06/2025;19/06/2028;FARMA
CLORURO DE SODIO;3 26500;ESCO;Sin Riesgo;INERTE (no requiere);No;No;No;No;No;No;No;No;No;500;25/06/2025;23/06/2028;FARMA
COMBILAC;L100064925;MEGGLE;Sin Riesgo;INERTE (no requiere);No;No;No;No;No;No;No;No;No;3000;05/12/2025;26/11/2027;FARMA
COMPERLAN 100;25333655;BASF;Corrosivo;PELIGRO;No;No;No;No;Si;No;No;No;Si;700;16/11/2021;16/11/2023;COSMETICA
COMPERLAN 100;28152340;BASF;Corrosivo;PELIGRO;No;No;No;No;Si;No;No;No;Si;750;21/03/2024;21/03/2026;COSMETICA
COMPERLAN 100;28815062;BASF;Corrosivo;PELIGRO;No;No;No;No;Si;No;No;No;Si;550;23/10/2024;23/10/2026;COSMETICA
COMPERLAN KD;28087467;BASF;Corrosivo;PELIGRO;No;No;No;No;Si;No;No;No;Si;1100;03/03/2024;03/03/2026;COSMETICA
COSMEDIA A 91;CR51134894;BASF;Sin Riesgo;INERTE (no requiere);No;No;No;No;No;No;No;No;No;500;23/04/2025;23/04/2026;COSMETICA
COSMEDIA DC;28665862;BASF;Sin Riesgo;INERTE (no requiere);No;No;No;No;No;No;No;No;No;200;10/09/2024;10/09/2026;COSMETICA
COSMEDIA TRIPLE C;28691174;BASF;Sin Riesgo;PELIGRO;No;No;No;No;No;No;No;No;Si;1000;18/09/2024;12/03/2026;COSMETICA
CREMOPHOR RH 40;3,01E+07;BASF;Sin Riesgo;INERTE (no requiere);No;No;No;No;No;No;No;No;No;150;06/06/2024;06/06/2026;COSMETICA
CUTINA AGS;29152653;BASF;Sin Riesgo;INERTE (no requiere);No;No;No;No;No;No;No;No;No;1100;05/02/2025;05/02/2027;COSMETICA
CUTINA CP;28642411;BASF;Sin Riesgo;INERTE (no requiere);No;No;No;No;No;No;No;No;No;600;09/09/2024;02/09/2026;COSMETICA
CUTINA GMS V;28642377;BASF;Sin Riesgo;INERTE (no requiere);No;No;No;No;No;No;No;No;No;2000;02/09/2024;02/09/2025;COSMETICA
CUTINA PES;27757592;BASF;Sin Riesgo;INERTE (no requiere);No;No;No;No;No;No;No;No;No;100;03/03/2023;12/11/2025;COSMETICA
CUTINA PES;28379630;BASF;Sin Riesgo;INERTE (no requiere);No;No;No;No;No;No;No;No;No;800;05/06/2024;05/06/2026;COSMETICA
CUTINA SHINE;29328365;BASF;Sin Riesgo;INERTE (no requiere);No;No;No;No;No;No;No;No;No;1500;15/04/2025;15/04/2027;COSMETICA
D PANTENOL CARE;93318288Q0;BASF;Sin Riesgo;INERTE (no requiere);No;No;No;No;No;No;No;No;No;400;01/03/2024;01/03/2027;COSMETICA
DEHYDOL LT 7;24H20490H0;BASF;Corrosivo;PELIGRO;No;No;No;No;Si;No;Si;No;No;1200;21/08/2024;21/08/2026;INDUSTRIAL
DEHYMULS PGPH;27445320;BASF;Sin Riesgo;INERTE (no requiere);No;No;No;No;No;No;No;No;No;150;14/12/2023;14/12/2025;COSMETICA
DEHYPON  LT  104;01235329U0;BASF;Toxico;ATENCIÓN;No;No;No;No;No;No;Si;No;Si;600;10/01/2025;10/01/2027;INDUSTRIAL
DEHYQUART C 4046;29347333;BASF;Sin Riesgo;ATENCIÓN;No;No;No;No;No;No;No;No;No;900;23/04/2025;23/04/2026;COSMETICA
DEHYQUART C 4046;29618204;BASF;Sin Riesgo;ATENCIÓN;No;No;No;No;No;No;No;No;No;600;18/08/2025;18/08/2026;COSMETICA
DEHYQUART F 75 T;29239979;BASF;Sin Riesgo;INERTE (no requiere);No;No;No;No;No;No;No;No;No;550;09/03/2025;09/03/2026;COSMETICA
DEHYQUART GUAR N;250625951C;BASF;Sin Riesgo;INERTE (no requiere);No;No;No;No;No;No;No;No;No;1400;25/06/2025;25/06/2027;COSMETICA
DEHYQUART H 81;28265267;BASF;Sin Riesgo;INERTE (no requiere);No;No;No;No;No;No;No;No;No;300;25/04/2024;25/04/2025;COSMETICA
DEHYQUART L 80 T;30012447;BASF;Sin Riesgo;ATENCIÓN;No;No;No;No;No;No;No;No;Si;900;17/02/2026;17/02/2027;COSMETICA
DEHYTON K;29294281;BASF;Corrosivo;PELIGRO;No;No;No;No;Si;No;No;No;No;1000;01/04/2025;01/04/2026;COSMETICA
DEHYTON MC;29174101;BASF;Corrosivo;PELIGRO;No;No;No;No;Si;No;No;No;No;900;13/02/2025;13/02/2026;COSMETICA
DERIPHAT 160C;DER20094R;BASF;Sin Riesgo;ATENCIÓN;No;No;No;No;No;No;No;No;No;1200;07/12/2020;07/12/2023;INDUSTRIAL
DL ALPHA TOCOPHEROL;4,45E+07;BASF;Sin Riesgo;ATENCIÓN;No;No;No;No;No;No;No;No;No;200;23/06/2025;22/06/2028;FARMA
DRY VITAMINA A PALMITATO 250 MS CWD;25976235;BASF;Sin Riesgo;ATENCIÓN;No;No;No;No;No;No;No;No;No;2200;26/04/2022;25/04/2024;FARMA
DRY VITAMINA D3 100 GFP;25595548;BASF;Sin Riesgo;INERTE (no requiere);No;No;No;No;No;No;No;No;No;1450;23/01/2022;23/01/2024;FARMA
DULCEMIN PW BIO LS 9903;23369163;BASF;Sin Riesgo;INERTE (no requiere);No;No;No;No;No;No;No;No;No;30;14/09/2020;14/09/2022;COSMETICA
DURALAC H;LC 033-24-805;MEGGLE;Sin Riesgo;INERTE (no requiere);No;No;No;No;No;No;No;No;No;5000;12/08/2024;16/08/2027;FARMA
ECHINACEA PURPUREA AERIAL PART PE 4% - EA834410;AG00004242;GIVAUDAN INTERNATIONAL;Sin Riesgo;INERTE (no requiere);No;No;No;No;No;No;No;No;No;100;19/03/2021;15/03/2024;FARMA
EDETA BD;76659047G0;BASF;Toxico;ATENCIÓN;No;No;No;No;No;No;Si;Si;No;400;06/03/2024;06/03/2027;COSMETICA
ELESTAB HP 100;28456285;BASF;Sin Riesgo;ATENCIÓN;No;No;No;No;No;No;No;No;No;175;21/11/2024;20/11/2027;COSMETICA
EMCOMPRESS;1048707;JRS;Sin Riesgo;INERTE (no requiere);No;No;No;No;No;No;No;No;No;2000;16/05/2024;16/05/2026;FARMA
EMULAN OC;33682936W0;BASF;Toxico;ATENCIÓN;No;No;No;No;No;No;Si;No;Si;600;09/04/2025;09/04/2027;INDUSTRIAL
EMULGADE 1000 NI;29263461;BASF;Sin Riesgo;ATENCIÓN;No;No;No;No;No;No;No;No;No;800;19/03/2025;19/03/2027;COSMETICA
EMULGADE CM;29478757;BASF;Sin Riesgo;INERTE (no requiere);No;No;No;No;No;No;No;No;No;900;20/06/2025;20/06/2026;COSMETICA
EMULGADE F;29088203;BASF;Sin Riesgo;INERTE (no requiere);No;No;No;No;No;No;No;No;No;800;10/01/2025;10/01/2027;COSMETICA
EMULGADE PL 68/50;27934511;BASF;Sin Riesgo;INERTE (no requiere);No;No;No;No;No;No;No;No;No;1800;16/01/2024;15/01/2026;COSMETICA
EMULGADE SE-PF;29222546;BASF;Corrosivo;PELIGRO;No;No;No;No;Si;No;No;No;No;900;03/03/2025;25/08/2026;COSMETICA
EMULGADE VERDE 10 MS;20241022;BASF;Sin Riesgo;INERTE (no requiere);No;No;No;No;No;No;No;No;No;500;22/10/2024;22/10/2026;COSMETICA
EPISPOT BC10208;27313342;BASF;Sin Riesgo;INERTE (no requiere);No;No;No;No;No;No;No;No;No;60;31/03/2023;30/03/2025;COSMETICA
EUMULGIN B1;26930613;BASF;Corrosivo;PELIGRO;No;No;No;No;Si;No;Si;No;No;2400;09/05/2023;08/05/2025;COSMETICA
EUMULGIN B2;27997996;BASF;Sin Riesgo;INERTE (no requiere);No;No;No;No;No;No;No;No;No;800;05/02/2024;04/02/2026;COSMETICA
EUMULGIN B2;0028611093 RSPO;BASF;Sin Riesgo;INERTE (no requiere);No;No;No;No;No;No;No;No;No;500;22/08/2024;22/08/2026;COSMETICA
EUMULGIN B3;27879182;BASF;Sin Riesgo;INERTE (no requiere);No;No;No;No;No;No;No;No;No;700;26/12/2023;25/12/2025;COSMETICA
EUMULGIN B3;28758244;BASF;Sin Riesgo;INERTE (no requiere);No;No;No;No;No;No;No;No;No;700;09/10/2024;09/10/2026;COSMETICA
EUMULGIN B3;29295918;BASF;Sin Riesgo;INERTE (no requiere);No;No;No;No;No;No;No;No;No;400;01/04/2025;01/04/2027;COSMETICA
EUMULGIN CO 40;28062965;BASF;Sin Riesgo;INERTE (no requiere);No;No;No;No;No;No;No;No;No;600;03/04/2024;03/04/2026;COSMETICA
EUMULGIN HPS;29033488;BASF;Corrosivo;PELIGRO;No;No;No;No;Si;No;Si;No;No;900;16/12/2024;16/12/2026;COSMETICA
EUMULGIN L;28624685;BASF;Toxico;ATENCIÓN;No;No;No;No;No;No;Si;No;No;1000;27/08/2024;27/08/2025;COSMETICA
EUMULGIN O5;29096201;BASF;Toxico;ATENCIÓN;No;No;No;No;No;No;Si;No;Si;360;14/01/2025;08/07/2026;COSMETICA
EUMULGIN PRISMA;25534069;BASF;Corrosivo;PELIGRO;No;No;No;No;Si;No;Si;No;No;300;08/02/2023;07/02/2027;COSMETICA
EUMULGIN PRISMA;29533247;BASF;Corrosivo;PELIGRO;No;No;No;No;Si;No;Si;No;No;1000;14/07/2025;13/07/2029;COSMETICA
EUMULGIN SG;28562280;BASF;Toxico;ATENCIÓN;No;No;No;No;No;No;Si;No;No;400;05/08/2024;27/01/2026;COSMETICA
EUMULGIN SG;29222533;BASF;Toxico;ATENCIÓN;No;No;No;No;No;No;Si;No;No;800;03/03/2025;25/08/2026;COSMETICA
EUMULGIN VL 75;28936700;BASF;Corrosivo;PELIGRO;No;No;No;No;Si;No;No;No;No;200;27/11/2024;27/11/2025;COSMETICA
EUMULGIN VL 75;29734730;BASF;Corrosivo;PELIGRO;No;No;No;No;Si;No;No;No;No;200;17/10/2025;17/10/2026;COSMETICA
EUPERLAN HCO;29710346;BASF;Corrosivo;PELIGRO;No;No;No;No;Si;No;No;No;No;1100;25/09/2025;24/03/2027;INDUSTRIAL
EUPERLAN PK 3000 AM;27063122;BASF;Corrosivo;PELIGRO;No;No;No;No;Si;No;No;No;No;700;13/03/2023;12/03/2024;COSMETICA
EUPERLAN PK 4000;29004983;BASF;Corrosivo;PELIGRO;No;No;No;No;Si;No;No;No;No;1900;09/09/2025;09/09/2026;COSMETICA
EUPERLAN PK 771 BENZ;29749584;BASF;Corrosivo;PELIGRO;No;No;No;No;Si;No;No;No;No;800;13/10/2025;13/10/2026;COSMETICA
EUTANOL G;29346202;BASF;Sin Riesgo;INERTE (no requiere);No;No;No;No;No;No;No;No;No;1200;03/06/2025;03/06/2026;COSMETICA
EXPLOTAB;61123090188;JRS;Sin Riesgo;INERTE (no requiere);No;No;No;No;No;No;No;No;No;400;01/09/2023;01/09/2027;FARMA
FERROUS SULPHATE HEPTAHYDRATE;25AFSH001;SUDEEP;Sin Riesgo;ATENCIÓN;No;No;No;No;No;No;No;No;No;600;01/01/2024;01/12/2027;FARMA
FLOWLAC 100;L101500126;MEGGLE;Sin Riesgo;INERTE (no requiere);No;No;No;No;No;No;No;No;No;1000;02/01/2026;24/12/2027;FARMA
GLUCOPON 225 DK;28682584;BASF;Corrosivo;PELIGRO;No;No;No;No;Si;No;No;No;No;900;15/09/2024;15/09/2026;INDUSTRIAL
GLUCOPON 420 UP;29236002;BASF;Corrosivo;PELIGRO;No;No;No;No;Si;No;No;No;No;800;14/03/2025;14/03/2027;INDUSTRIAL
GLUCOPON 425 N/HH;K24817J081;BASF;Corrosivo;PELIGRO;No;No;No;No;Si;No;No;No;No;500;17/08/2024;17/08/2026;INDUSTRIAL
GLUCOPON 600 CSUP;27341279;BASF;Corrosivo;PELIGRO;No;No;No;No;Si;No;No;No;No;1600;19/06/2024;18/06/2026;INDUSTRIAL
GRANULAC 140;L101803124;MEGGLE;Sin Riesgo;ATENCIÓN;No;No;No;No;No;No;No;No;No;3000;30/07/2024;25/07/2027;FARMA
GRANULAC 200;LC 017-23-801;MEGGLE;Sin Riesgo;INERTE (no requiere);No;No;No;No;No;No;No;No;No;3000;24/04/2023;20/04/2026;FARMA
GRANULAC 200;L101850825;MEGGLE;Sin Riesgo;INERTE (no requiere);No;No;No;No;No;No;No;No;No;1000;17/02/2025;13/02/2028;FARMA
HEWETEN 112;46112240103;JRS;Sin Riesgo;INERTE (no requiere);No;No;No;No;No;No;No;No;No;800;01/01/2024;01/01/2027;FARMA
HEWETEN 200;46200182546;JRS;Sin Riesgo;INERTE (no requiere);No;No;No;No;No;No;No;No;No;800;30/11/2018;30/11/2023;FARMA
HEWETEN 200;26200240301;JRS;Sin Riesgo;INERTE (no requiere);No;No;No;No;No;No;No;No;No;400;04/04/2025;01/01/2029;FARMA
HEWETEN 200;26200240818;JRS;Sin Riesgo;INERTE (no requiere);No;No;No;No;No;No;No;No;No;4500;01/05/2024;01/05/2029;FARMA
HYALUROSMOOTH LS 8998;26930654;BASF;Toxico;ATENCIÓN;No;No;No;No;No;No;Si;No;No;30;09/02/2023;08/02/2025;COSMETICA
HYALUROSMOOTH LS 8998;27856923;BASF;Toxico;ATENCIÓN;No;No;No;No;No;No;Si;No;No;30;20/12/2023;19/12/2025;COSMETICA
HYDAGEN AQUAPORIN;28059566;BASF;Sin Riesgo;INERTE (no requiere);No;No;No;No;No;No;No;No;No;450;13/11/2024;12/11/2026;COSMETICA
HYDRASENSYL GLUCAN GREEN;28980662;BASF;Sin Riesgo;INERTE (no requiere);No;No;No;No;No;No;No;No;No;480;08/12/2024;01/03/2026;COSMETICA
HYDRASENSYL GLUCAN GREEN;28865268;BASF;Sin Riesgo;INERTE (no requiere);No;No;No;No;No;No;No;No;No;60;10/11/2024;04/05/2026;COSMETICA
JORDAPON SCI POWDER;PAC2411572;BASF;Toxico;ATENCIÓN;No;No;No;No;No;No;Si;No;No;500;13/12/2022;13/12/2024;COSMETICA
KERASYLIUM BC 10195;28366724;BASF;Sin Riesgo;INERTE (no requiere);No;No;No;No;No;No;No;No;No;10;07/06/2024;07/06/2026;COSMETICA
KOLLICOAT MAE 30 DP;17514675L0;BASF;Sin Riesgo;ATENCIÓN;No;No;No;No;No;No;No;No;No;1000;26/05/2024;26/05/2026;FARMA
KOLLICOAT MAE 30 DP;88073216K0;BASF;Sin Riesgo;ATENCIÓN;No;No;No;No;No;No;No;No;No;2000;01/09/2024;01/09/2026;FARMA
KOLLICOAT PROTECT;54414636W0;BASF;Sin Riesgo;INERTE (no requiere);No;No;No;No;No;No;No;No;No;1000;08/06/2022;08/06/2025;FARMA
KOLLICOAT SMARTSEAL 30D;08005647G0;BASF;Sin Riesgo;ATENCIÓN;No;No;No;No;No;No;No;No;No;1000;21/04/2022;07/01/2024;FARMA
KOLLICOAT SMARTSEAL 30D;10099275L0;BASF;Sin Riesgo;ATENCIÓN;No;No;No;No;No;No;No;No;No;2000;27/04/2022;06/01/2026;FARMA
KOLLICOAT SR 30 D;89514016K0;BASF;Sin Riesgo;ATENCIÓN;No;No;No;No;No;No;No;No;No;2000;25/01/2024;18/07/2025;FARMA
KOLLICOAT SR 30 D;99809175L0;BASF;Sin Riesgo;ATENCIÓN;No;No;No;No;No;No;No;No;No;1000;27/01/2024;20/07/2025;FARMA
KOLLICREAM 3 C;28161715;BASF;Sin Riesgo;ATENCIÓN;No;No;No;No;No;No;No;No;No;2000;23/03/2024;23/03/2026;FARMA
KOLLICREAM 3 C;29368327;BASF;Sin Riesgo;ATENCIÓN;No;No;No;No;No;No;No;No;No;2000;02/05/2025;02/05/2027;FARMA
KOLLICREAM CP 15;27461190;BASF;Sin Riesgo;INERTE (no requiere);No;No;No;No;No;No;No;No;No;500;27/07/2023;26/07/2025;FARMA
KOLLICREAM DO;27467168;BASF;Sin Riesgo;INERTE (no requiere);No;No;No;No;No;No;No;No;No;500;30/07/2023;29/07/2025;FARMA
KOLLICREAM DO;27467169;BASF;Sin Riesgo;INERTE (no requiere);No;No;No;No;No;No;No;No;No;1000;30/07/2023;29/07/2025;FARMA
KOLLICREAM IPM;27485791;BASF;Sin Riesgo;INERTE (no requiere);No;No;No;No;No;No;No;No;No;500;06/08/2023;05/08/2025;FARMA
KOLLICREAM OA;28395514;BASF;Sin Riesgo;INERTE (no requiere);No;No;No;No;No;No;No;No;No;1000;10/06/2024;10/06/2025;FARMA
KOLLICREAM OD;28107452;BASF;Sin Riesgo;INERTE (no requiere);No;No;No;No;No;No;No;No;No;1000;08/03/2024;08/03/2026;FARMA
KOLLIDON 12 PF;21259536W0;BASF;Sin Riesgo;INERTE (no requiere);No;No;No;No;No;No;No;No;No;500;15/01/2024;14/01/2027;FARMA
KOLLIDON 25;92018356P0;BASF;Sin Riesgo;INERTE (no requiere);No;No;No;No;No;No;No;No;No;500;01/09/2023;31/08/2027;FARMA
KOLLIDON CL-SF;34338377L0;BASF;Sin Riesgo;INERTE (no requiere);No;No;No;No;No;No;No;No;No;2750;22/04/2024;22/04/2027;FARMA
KOLLIDON CLM;24362051;BASF;Sin Riesgo;INERTE (no requiere);No;No;No;No;No;No;No;No;No;500;30/09/2024;30/09/2027;FARMA
KOLLIDON VA 64 FINE;04071416K0;BASF;Sin Riesgo;INERTE (no requiere);No;No;No;No;No;No;No;No;No;250;26/12/2024;25/12/2028;FARMA
KOLLIPHOR CS 12;29276178;BASF;Corrosivo;PELIGRO;No;No;No;No;Si;No;Si;No;No;500;24/03/2025;24/03/2027;FARMA
KOLLIPHOR CSL;27517816;BASF;Toxico;ATENCIÓN;No;No;No;No;No;No;Si;No;No;1000;18/08/2023;17/08/2025;FARMA
KOLLIPHOR CSS;27696289;BASF;Sin Riesgo;ATENCIÓN;No;No;No;No;No;No;No;No;No;500;22/10/2023;22/10/2025;FARMA
KOLLIPHOR EL;89669924U0;BASF;Sin Riesgo;INERTE (no requiere);No;No;No;No;No;No;No;No;No;500;03/02/2025;03/02/2027;FARMA
KOLLIPHOR HS 15;68313056P0;BASF;Toxico;ATENCIÓN;No;No;No;No;No;No;Si;No;No;1000;26/08/2024;26/08/2026;FARMA
KOLLIPHOR P 188 MICRO;GNH07521WT;BASF;Sin Riesgo;INERTE (no requiere);No;No;No;No;No;No;No;No;No;500;16/03/2023;15/03/2026;FARMA
KOLLIPHOR P 338;GNG19321C;BASF;Sin Riesgo;INERTE (no requiere);No;No;No;No;No;No;No;No;No;500;12/07/2022;11/07/2025;FARMA
KOLLIPHOR P 407;GNJ11621B;BASF;Sin Riesgo;INERTE (no requiere);No;No;No;No;No;No;No;No;No;1000;26/04/2025;25/04/2028;FARMA
KOLLIPHOR PS 20;28310598;BASF;Sin Riesgo;INERTE (no requiere);No;No;No;No;No;No;No;No;No;1000;09/05/2024;09/05/2027;FARMA
KOLLIPHOR PS 60;27775389;BASF;Sin Riesgo;ATENCIÓN;No;No;No;No;No;No;No;No;No;1000;19/11/2023;18/11/2026;FARMA
KOLLIPHOR PS 80;27540058;BASF;Sin Riesgo;INERTE (no requiere);No;No;No;No;No;No;No;No;No;500;26/08/2023;25/08/2026;FARMA
KOLLIPHOR RH 40;53725456P0;BASF;Sin Riesgo;INERTE (no requiere);No;No;No;No;No;No;No;No;No;2500;30/06/2025;30/06/2027;FARMA
KOLLIPHOR SLS FINE;29840693;BASF;Inflamable;PELIGRO;No;Si;No;No;Si;No;Si;No;No;250;25/11/2025;25/11/2027;FARMA
KOLLISOLV GTA;27625060;BASF;Sin Riesgo;ATENCIÓN;No;No;No;No;No;No;No;No;No;1000;26/09/2023;25/09/2025;FARMA
KOLLISOLV P 124 GEISMAR;GNI16322B;BASF;Sin Riesgo;ATENCIÓN;No;No;No;No;No;No;No;No;No;500;11/06/2024;11/06/2027;FARMA
KOLLISOLV PEG 300 G;87544136W0;BASF;Sin Riesgo;INERTE (no requiere);No;No;No;No;No;No;No;No;No;500;11/04/2023;11/04/2025;FARMA
KOLLISOLV PEG 300 G;33622736W0;BASF;Sin Riesgo;INERTE (no requiere);No;No;No;No;No;No;No;No;No;1000;29/01/2024;28/01/2026;FARMA
KOLLISOLV PEG 400;16337256P0;BASF;Sin Riesgo;ATENCIÓN;No;No;No;No;No;No;No;No;No;500;13/03/2024;13/03/2026;FARMA
KOLLISOLV PEG 400;87300636W0;BASF;Sin Riesgo;ATENCIÓN;No;No;No;No;No;No;No;No;No;500;15/11/2024;15/11/2026;FARMA
KOLLISOLV PEG 400;9,56E+07;BASF;Sin Riesgo;ATENCIÓN;No;No;No;No;No;No;No;No;No;500;26/05/2025;26/05/2027;FARMA
KOLLISOLV PEG 8000;GNI05723C;BASF;Sin Riesgo;ATENCIÓN;No;No;No;No;No;No;No;No;No;750;26/02/2024;25/02/2026;FARMA
KOLLISOLV PEG 8000;GNI19021B;BASF;Sin Riesgo;ATENCIÓN;No;No;No;No;No;No;No;No;No;500;08/07/2024;08/07/2026;FARMA
KOLLITAB DC 87 L;65831836W0;BASF;Sin Riesgo;ATENCIÓN;No;No;No;No;No;No;No;No;No;5000;09/01/2023;08/01/2026;FARMA
KOLLIWAX CA;56501147G0;BASF;Sin Riesgo;ATENCIÓN;No;No;No;No;No;No;No;No;No;1000;15/07/2024;15/07/2027;FARMA
KOLLIWAX CSA 50;27830069;BASF;Sin Riesgo;INERTE (no requiere);No;No;No;No;No;No;No;No;No;500;07/12/2023;06/12/2025;FARMA
KOLLIWAX HCO;00731809T0;BASF;Sin Riesgo;INERTE (no requiere);No;No;No;No;No;No;No;No;No;500;14/11/2023;13/11/2025;FARMA
KOLLIWAX HCO;09553216K0;BASF;Sin Riesgo;INERTE (no requiere);No;No;No;No;No;No;No;No;No;500;08/03/2024;08/07/2026;FARMA
KOLLIWAX S;27714529;BASF;Sin Riesgo;INERTE (no requiere);No;No;No;No;No;No;No;No;No;500;30/10/2023;29/10/2025;FARMA
KOLLIWAX S FINE;28521713;BASF;Sin Riesgo;ATENCIÓN;No;No;No;No;No;No;No;No;No;500;22/07/2024;22/07/2026;FARMA
KOLLIWAX SA;28032952;BASF;Sin Riesgo;INERTE (no requiere);No;No;No;No;No;No;No;No;No;500;15/02/2024;14/02/2026;FARMA
KOLLIWAX SA;28373876;BASF;Sin Riesgo;INERTE (no requiere);No;No;No;No;No;No;No;No;No;500;04/06/2024;04/06/2026;FARMA
LAMEFORM TGI;27067420;BASF;Sin Riesgo;INERTE (no requiere);No;No;No;No;No;No;No;No;Si;600;08/08/2023;08/08/2025;COSMETICA
LAMEFORM TGI;28628419;BASF;Sin Riesgo;INERTE (no requiere);No;No;No;No;No;No;No;No;Si;700;27/08/2024;27/08/2026;COSMETICA
LAMESOFT PO 65;29509628;BASF;Corrosivo;PELIGRO;No;No;No;No;Si;No;No;No;No;500;03/07/2025;03/07/2026;COSMETICA
LAMESOFT TM BENZ;29368467;BASF;Corrosivo;PELIGRO;No;No;No;No;Si;No;No;No;No;1000;02/05/2025;02/05/2026;COSMETICA
LANETTE O;29085277;BASF;Sin Riesgo;INERTE (no requiere);No;No;No;No;No;No;No;No;No;1200;09/01/2025;09/01/2027;COSMETICA
LANETTE SX;25409807;BASF;Sin Riesgo;INERTE (no requiere);No;No;No;No;No;No;No;No;No;700;02/12/2021;02/12/2023;COSMETICA
LARICYL LS 8865;27434428;BASF;Sin Riesgo;INERTE (no requiere);No;No;No;No;No;No;No;No;No;95;21/07/2023;11/01/2026;COSMETICA
LAVERGY A STAR 100 L;72477247G0;BASF;Toxico;PELIGRO;No;No;No;No;No;No;No;Si;No;200;09/10/2024;02/04/2026;INDUSTRIAL
LAVERGY C BRIGHT 100L;82957656P0;BASF;Sin Riesgo;ATENCIÓN;No;No;No;No;No;No;No;No;No;700;28/08/2024;14/02/2027;INDUSTRIAL
LAVERGY C CARE 100 L;86395856P0;BASF;Toxico;PELIGRO;No;No;No;No;No;No;No;Si;No;700;19/04/2025;16/10/2026;INDUSTRIAL
LAVERGY M ACE 100 L;31247147G0;BASF;Sin Riesgo;INERTE (no requiere);No;No;No;No;No;No;No;No;No;500;01/11/2023;31/01/2026;INDUSTRIAL
LAVERGY PRO 114 LS;59903888Q0;BASF;Sin Riesgo;ATENCIÓN;No;No;No;No;No;No;No;No;No;1000;29/07/2025;11/07/2026;INDUSTRIAL
LAVERGY PRO 114 LS;01774706D0;BASF;Sin Riesgo;ATENCIÓN;No;No;No;No;No;No;No;No;No;100;14/04/2025;06/10/2026;INDUSTRIAL
LIPOFRUCTYL ARGAN LS 9779;24155982;BASF;Sin Riesgo;INERTE (no requiere);No;No;No;No;No;No;No;No;No;225;14/10/2022;13/10/2024;COSMETICA
LITCHIDERM LS 9704;28115553;BASF;Sin Riesgo;INERTE (no requiere);No;No;No;No;No;No;No;No;No;125;15/03/2024;15/03/2026;COSMETICA
LOROL C 16;28152874;BASF;Sin Riesgo;INERTE (no requiere);No;No;No;No;No;No;No;No;No;900;21/03/2024;21/03/2026;COSMETICA
LOROL C 18;27640929;BASF;Sin Riesgo;INERTE (no requiere);No;No;No;No;No;No;No;No;No;1100;09/11/2023;08/11/2025;COSMETICA
LOROL C 18 SAC PAST;29141052;BASF;Sin Riesgo;INERTE (no requiere);No;No;No;No;No;No;No;No;No;900;31/01/2025;31/01/2027;COSMETICA
LUBRI-PREZ;25AMSTD015;SUDEEP;Sin Riesgo;ATENCIÓN;No;No;No;No;No;No;No;No;No;600;31/01/2025;30/12/2029;FARMA
LUBRITAB;2301000233;JRS;Sin Riesgo;INERTE (no requiere);No;No;No;No;No;No;No;No;No;2000;11/01/2023;11/01/2025;FARMA
LUDIFLASH;62709247G0;BASF;Sin Riesgo;INERTE (no requiere);No;No;No;No;No;No;No;No;No;4000;25/01/2024;24/01/2027;FARMA
LUTENSOL AO 7;23H04190H0;BASF;Corrosivo;PELIGRO;No;No;No;No;Si;No;Si;No;No;1000;08/08/2023;07/08/2025;INDUSTRIAL
LUTENSOL M 7;24L05490H0;BASF;Toxico;ATENCIÓN;No;No;No;No;No;No;Si;No;Si;1800;05/12/2024;05/12/2026;INDUSTRIAL
LUTENSOL M79;28509620;BASF;Toxico;ATENCIÓN;No;No;No;No;No;No;Si;No;No;1000;19/07/2024;19/07/2026;INDUSTRIAL
LUTENSOL NE 9;K25307C932;BASF;Corrosivo;PELIGRO;No;No;No;No;Si;No;Si;No;No;1400;07/03/2025;07/03/2027;INDUSTRIAL
LUTENSOL TO8;25E26590H0;BASF;Corrosivo;PELIGRO;No;No;No;No;Si;No;Si;No;No;1000;26/05/2025;26/05/2027;INDUSTRIAL
LUTENSOL XL 100;21339788Q0;BASF;Corrosivo;PELIGRO;No;No;No;No;Si;No;Si;No;No;2400;07/10/2024;07/10/2026;INDUSTRIAL
LUTROPUR MSA;82994824U0;BASF;Corrosivo;PELIGRO;No;No;No;No;Si;No;Si;No;No;1600;18/02/2025;28/02/2029;INDUSTRIAL
LUVIQUAT HM 552;00738788Q0;BASF;Sin Riesgo;ATENCIÓN;No;No;No;No;No;No;No;No;Si;900;17/01/2025;17/01/2027;COSMETICA
LUVIQUAT HOLD AT 3;29612956P0;BASF;Sin Riesgo;ATENCIÓN;No;No;No;No;No;No;No;No;Si;800;24/01/2025;23/01/2027;COSMETICA
LUVIQUAT SUPREME AT 1;68110675L0;BASF;Sin Riesgo;INERTE (no requiere);No;No;No;No;No;No;No;No;No;800;10/05/2025;10/05/2027;COSMETICA
LUVIQUAT ULTRACARE AT 1;91406624U0;BASF;Sin Riesgo;INERTE (no requiere);No;No;No;No;No;No;No;No;Si;840;07/06/2024;07/06/2026;COSMETICA
LUVISET 360;29309937;BASF;Sin Riesgo;INERTE (no requiere);No;No;No;No;No;No;No;No;No;1000;08/04/2025;08/10/2026;COSMETICA
LUVISET CLEAR AT 3;89976856P0;BASF;Sin Riesgo;INERTE (no requiere);No;No;No;No;No;No;No;No;No;300;28/02/2024;28/02/2026;COSMETICA
LUVISET CLEAR AT 3;81416088Q0;BASF;Sin Riesgo;INERTE (no requiere);No;No;No;No;No;No;No;No;No;1000;12/03/2024;12/03/2026;COSMETICA
LUVISKOL VA 64 POWDER;81812988Q0;BASF;Sin Riesgo;INERTE (no requiere);No;No;No;No;No;No;No;No;No;700;22/08/2025;22/08/2027;COSMETICA
LUVISKOL VA 64 W;25380424U0;BASF;Sin Riesgo;INERTE (no requiere);No;No;No;No;No;No;No;No;No;900;17/07/2025;17/07/2027;COSMETICA
LUVITOL LITE EM;50353075L0;BASF;Sin Riesgo;INERTE (no requiere);No;No;No;No;No;No;No;No;No;1700;15/05/2024;15/05/2026;COSMETICA
LYCOVIT DISPERSION 10%;94246588Q0;BASF;Sin Riesgo;INERTE (no requiere);No;No;No;No;No;No;No;No;No;100;15/11/2022;15/11/2026;FARMA
MARANIL DB50;27969492;BASF;Corrosivo;PELIGRO;No;No;No;No;Si;No;No;No;No;2600;06/01/2024;25/01/2026;INDUSTRIAL
MAT-XS CLINICAL A00098;25375195;BASF;Corrosivo;PELIGRO;No;No;No;No;Si;No;No;No;No;115;25/11/2021;19/05/2023;COSMETICA
MELANEVEN BC10046;28362578;BASF;Corrosivo;PELIGRO;No;No;No;No;Si;No;No;No;No;40;07/06/2024;29/11/2025;COSMETICA
MELANEVEN BC10046;29204497;BASF;Corrosivo;PELIGRO;No;No;No;No;Si;No;No;No;No;120;26/02/2025;26/02/2027;COSMETICA
MICROCARE AMIDE BHAM;C-218402-2505;THOR;Sin Riesgo;ATENCIÓN;No;No;No;No;No;No;No;No;No;4000;20/06/2023;31/05/2025;COSMETICA
MICROCARE CB;MX-235600-2507;THOR;Corrosivo;PELIGRO;No;No;No;No;Si;No;Si;No;Si;700;27/07/2023;27/07/2025;COSMETICA
MICROCARE DB;C-306208-2504;THOR;Toxico;ATENCIÓN;No;No;No;No;No;No;Si;No;No;800;25/10/2023;30/04/2025;COSMETICA
MICROCARE EMOLIENTE DCP;C-406192-2611;THOR;Corrosivo;PELIGRO;No;No;No;No;Si;No;No;No;No;350;12/11/2024;30/11/2026;COSMETICA
MICROCARE EMOLLIENT GTC;MX-258750-2703;THOR;Sin Riesgo;ATENCIÓN;No;No;No;No;No;No;No;No;No;800;15/03/2025;15/03/2027;COSMETICA
MICROCARE EMOLLIENT IPP;MX-258751-2701;THOR;Sin Riesgo;INERTE (no requiere);No;No;No;No;No;No;No;No;No;2000;15/01/2025;15/01/2027;COSMETICA
MICROCARE ITO;MX-245361-2606;THOR;Corrosivo;PELIGRO;No;No;No;No;Si;No;Si;No;Si;2000;04/06/2024;04/06/2026;COSMETICA
MICROCARE MHB;C-402945-2612;THOR;Sin Riesgo;ATENCIÓN;No;No;No;No;No;No;No;No;Si;500;14/05/2024;31/12/2026;COSMETICA
MICROCARE NBCG;LX-1906 MICROCARE NBCG;THOR;Toxico;ATENCIÓN;No;No;No;No;No;No;Si;No;No;450;28/02/2018;28/02/2020;COSMETICA
MICROCARE OHB;MX-260193-2608;THOR;Sin Riesgo;INERTE (no requiere);No;No;No;No;No;No;No;No;No;500;15/08/2023;15/08/2026;COSMETICA
MICROCARE PEHG;C-502729-2611;THOR;Corrosivo;PELIGRO;No;No;No;No;Si;No;Si;No;No;2500;14/05/2025;30/11/2026;COSMETICA
MICROCARE PHDG;MX-252550-2612;THOR;Corrosivo;PELIGRO;No;No;No;No;Si;No;Si;No;No;500;11/12/2024;11/12/2026;COSMETICA
MICROCARE PO;C-500536-2608;THOR;Corrosivo;PELIGRO;No;No;No;No;Si;No;Si;No;No;1;30/01/2025;30/08/2026;COSMETICA
MICROCARE QUAT EQG;C-405698-2610;THOR;Sin Riesgo;ATENCIÓN;No;No;No;No;No;No;No;No;No;1200;22/10/2024;31/10/2026;COSMETICA
MICROCARE SB;C-404160-2601;THOR;Toxico;ATENCIÓN;No;No;No;No;No;No;Si;No;No;250;22/07/2024;31/01/2026;COSMETICA
MICROCARE SB;MX-252756-2603;THOR;Toxico;ATENCIÓN;No;No;No;No;No;No;Si;No;No;150;15/09/2024;15/03/2026;COSMETICA
MICROCARE SBB;MX-256708-2610;THOR;Corrosivo;PELIGRO;No;No;No;No;Si;No;Si;No;No;500;23/04/2025;23/10/2026;COSMETICA
MICROCELAC 100;L103154523;MEGGLE;Sin Riesgo;ATENCIÓN;No;No;No;No;No;No;No;No;No;2000;01/11/2023;04/05/2025;FARMA
MICROCELAC 100;L103151725;MEGGLE;Sin Riesgo;ATENCIÓN;No;No;No;No;No;No;No;No;No;1000;21/04/2025;18/10/2026;FARMA
MIRISTATO DE ISOPROPILO;28592748;BASF;Sin Riesgo;INERTE (no requiere);No;No;No;No;No;No;No;No;No;1000;15/08/2024;15/08/2026;COSMETICA
MYRITOL 318;29148308;BASF;Sin Riesgo;INERTE (no requiere);No;No;No;No;No;No;No;No;No;400;04/02/2025;29/07/2026;COSMETICA
MYRITOL 331 N;28077127;BASF;Sin Riesgo;INERTE (no requiere);No;No;No;No;No;No;No;No;No;2100;28/02/2024;21/08/2025;COSMETICA
NEUTROL TE;80466588Q0;BASF;Toxico;ATENCIÓN;No;No;No;No;No;No;Si;No;No;980;06/11/2023;06/11/2025;COSMETICA
NOVATA B PH;27703826;BASF;Sin Riesgo;INERTE (no requiere);No;No;No;No;No;No;No;No;No;1500;25/10/2023;24/10/2025;FARMA
PALMITATO DE ISOPROPILO;28327912;BASF;Sin Riesgo;INERTE (no requiere);No;No;No;No;No;No;No;No;No;800;20/05/2024;20/05/2026;COSMETICA
PATCH2O A00297;29264800;BASF;Toxico;ATENCIÓN;No;No;No;No;No;No;Si;No;No;400;20/03/2025;20/03/2027;COSMETICA
PEPTALDE 4.0 BC 10129;24796231;BASF;Sin Riesgo;INERTE (no requiere);No;No;No;No;No;No;No;No;No;180;22/11/2022;22/11/2024;COSMETICA
PILISOFT LS 9760;28639460;BASF;Corrosivo;PELIGRO;No;No;No;No;Si;No;No;No;No;60;31/05/2024;31/05/2026;COSMETICA
PLANTAPON LC 7;29791879;BASF;Toxico;ATENCIÓN;No;No;No;No;No;No;Si;No;No;1800;01/11/2025;01/11/2026;COSMETICA
PLANTAPON LGC SORB;29123424;BASF;Toxico;ATENCIÓN;No;No;No;No;No;No;Si;No;No;100;24/01/2025;18/07/2026;COSMETICA
PLANTAPON LGC SORB;29361771;BASF;Toxico;ATENCIÓN;No;No;No;No;No;No;Si;No;No;1000;29/04/2025;21/10/2026;COSMETICA
PLANTAPON SF-N;28571936;BASF;Corrosivo;PELIGRO;No;No;No;No;Si;No;No;No;No;1750;05/08/2024;27/01/2026;COSMETICA
PLANTAPON WW 1000;27986039;BASF;Corrosivo;PELIGRO;No;No;No;No;Si;No;No;No;Si;200;09/07/2024;08/07/2025;COSMETICA
PLANTAPON WW 1000;29355841;BASF;Corrosivo;PELIGRO;No;No;No;No;Si;No;No;No;Si;1500;15/04/2025;15/04/2026;COSMETICA
PLANTAREN 1200 N;29171175;BASF;Corrosivo;PELIGRO;No;No;No;No;Si;No;No;No;No;400;21/02/2025;21/02/2027;COSMETICA
PLANTAREN 1200 N;29301677;BASF;Corrosivo;PELIGRO;No;No;No;No;Si;No;No;No;No;1000;10/04/2025;10/04/2027;COSMETICA
PLANTAREN 2000 N UP;29265946;BASF;Corrosivo;PELIGRO;No;No;No;No;Si;No;No;No;No;1100;29/03/2025;29/03/2027;COSMETICA
PLANTAREN 818 UP;28474409;BASF;Corrosivo;PELIGRO;No;No;No;No;Si;No;No;No;No;500;18/07/2024;18/07/2026;COSMETICA
PLANTATEX HCC;14755337 PLANTATEX HCC;BASF;Sin Riesgo;ATENCIÓN;No;No;No;No;No;No;No;No;No;2000;30/12/2021;30/12/2023;INDUSTRIAL
PLANTATEX LLE;29135368;BASF;Corrosivo;PELIGRO;No;No;No;No;Si;No;No;No;No;800;12/06/2025;12/06/2026;INDUSTRIAL
PLURACARE F 127 NF PRILL SURFACTANT;GNJ00422B;BASF;Sin Riesgo;INERTE (no requiere);No;No;No;No;No;No;No;No;No;900;04/01/2025;04/01/2028;COSMETICA
PLURAFAC D250;28184410;BASF;Corrosivo;PELIGRO;No;No;No;No;Si;No;No;No;Si;300;22/06/2024;22/06/2026;INDUSTRIAL
PLURAFAC LF 1300;67595556P0;BASF;Sin Riesgo;INERTE (no requiere);No;No;No;No;No;No;No;No;No;400;21/04/2023;10/04/2025;INDUSTRIAL
PLURAFAC LF 221;01014475L0;BASF;Toxico;ATENCIÓN;No;No;No;No;No;No;Si;No;No;100;26/01/2026;26/01/2028;INDUSTRIAL
PLURAFAC LF 401;74545888Q0;BASF;Toxico;ATENCIÓN;No;No;No;No;No;No;Si;No;No;500;06/12/2024;06/12/2026;INDUSTRIAL
PLURAFAC LF 500;29371524U0;BASF;Sin Riesgo;ATENCIÓN;No;No;No;No;No;No;No;No;Si;780;27/02/2024;26/02/2026;INDUSTRIAL
PLURONIC L43;28272893;BASF;Sin Riesgo;INERTE (no requiere);No;No;No;No;No;No;No;No;No;600;24/06/2024;14/06/2026;INDUSTRIAL
PLURONIC L64;27022729;BASF;Sin Riesgo;INERTE (no requiere);No;No;No;No;No;No;No;No;No;900;11/04/2023;22/06/2025;INDUSTRIAL
PLURONIC PE 6100;58622188Q0;BASF;Sin Riesgo;ATENCIÓN;No;No;No;No;No;No;No;No;No;900;27/03/2025;26/03/2027;INDUSTRIAL
POLIGEN MA;28584753;BASF;Toxico;ATENCIÓN;No;No;No;No;No;No;Si;No;No;1200;10/06/2025;08/06/2026;INDUSTRIAL
POLIGEN MV 850;29709229;BASF;Sin Riesgo;INERTE (no requiere);No;No;No;No;No;No;No;No;No;600;26/09/2025;21/09/2026;INDUSTRIAL
POLIGEN WE 1;92368724U0;BASF;Sin Riesgo;INERTE (no requiere);No;No;No;No;No;No;No;No;No;2200;05/08/2025;05/08/2026;INDUSTRIAL
POLYQUART 149 A;29245072;BASF;Sin Riesgo;INERTE (no requiere);No;No;No;No;No;No;No;No;Si;900;11/03/2025;07/09/2026;INDUSTRIAL
POLYQUART ECOCLEAN;20587311;BASF;Sin Riesgo;ATENCIÓN;No;No;No;No;No;No;No;No;No;2400;18/03/2019;17/03/2024;INDUSTRIAL
POLYQUART ECOCLEAN MAX A;14437456P0;BASF;Sin Riesgo;INERTE (no requiere);No;No;No;No;No;No;No;No;No;700;03/11/2022;02/11/2024;INDUSTRIAL
POLYQUART PN 60;23751216K0;BASF;Toxico;ATENCIÓN;No;No;No;No;No;No;Si;No;No;400;11/07/2024;11/07/2026;INDUSTRIAL
POSTBIOLIFT PW BC 10152;26003381;BASF;Sin Riesgo;ATENCIÓN;No;No;No;No;No;No;No;No;No;180;03/05/2022;02/05/2024;COSMETICA
PROPYLENCARBONATE S;23039116K0;BASF;Toxico;ATENCIÓN;No;No;No;No;No;No;Si;No;No;500;11/11/2024;11/11/2026;INDUSTRIAL
PROSOLV 730;A7C25E56;JRS;Sin Riesgo;INERTE (no requiere);No;No;No;No;No;No;No;No;No;400;19/05/2025;19/05/2027;FARMA
PROSOLV RX 90;68091242421;JRS;Sin Riesgo;INERTE (no requiere);No;No;No;No;No;No;No;No;No;1200;30/05/2024;30/05/2027;FARMA
PROSOLV SMCC 50;P5S3209;JRS;Sin Riesgo;INERTE (no requiere);No;No;No;No;No;No;No;No;No;400;26/11/2023;26/11/2028;FARMA
PROSOLV SMCC 50 LD;M5S0013;JRS;Sin Riesgo;INERTE (no requiere);No;No;No;No;No;No;No;No;No;600;15/03/2020;15/03/2025;FARMA
PROSOLV SMCC 90;P9S0635;JRS;Sin Riesgo;INERTE (no requiere);No;No;No;No;No;No;No;No;No;800;01/04/2020;01/04/2025;FARMA
PROSOLV SMCC 90 LM;LP9F5080;JRS;Sin Riesgo;INERTE (no requiere);No;No;No;No;No;No;No;No;No;400;10/02/2025;10/02/2027;FARMA
PROSOLV SMCC HD 90;D9B20A15;JRS;Sin Riesgo;INERTE (no requiere);No;No;No;No;No;No;No;No;No;800;31/01/2020;31/01/2025;FARMA
PROSOLV SMCC HD 90;D9B21H95;JRS;Sin Riesgo;INERTE (no requiere);No;No;No;No;No;No;No;No;No;6000;13/08/2021;13/08/2026;FARMA
PROTEASYL TP LS 8657;27831811;BASF;Sin Riesgo;INERTE (no requiere);No;No;No;No;No;No;No;No;No;75;25/04/2024;24/04/2025;COSMETICA
PROTEASYL TP POE LS 9818;28389097;BASF;Toxico;ATENCIÓN;No;No;No;No;No;No;Si;No;No;90;12/06/2024;12/06/2025;COSMETICA
PROTEASYL TP POE LS 9818;29800307;BASF;Toxico;ATENCIÓN;No;No;No;No;No;No;Si;No;No;270;17/11/2025;17/11/2026;COSMETICA
PROTECTOL PE;90058656P0;BASF;Sin Riesgo;ATENCIÓN;No;No;No;No;No;No;No;No;No;900;01/09/2023;31/08/2025;INDUSTRIAL
PURISOFT PW PSE LS 9836;24094260;BASF;Sin Riesgo;ATENCIÓN;No;No;No;No;No;No;No;No;No;120;02/10/2020;02/10/2022;COSMETICA
RADIANSKIN PW 9918;24566517;BASF;Corrosivo;PELIGRO;No;No;No;No;Si;No;No;No;No;75;27/05/2021;27/05/2023;COSMETICA
RAMBUVITAL BC 10059;24330777;BASF;Sin Riesgo;INERTE (no requiere);No;No;No;No;No;No;No;No;No;25;01/04/2021;01/04/2023;COSMETICA
RELIPIDIUM BC 10096;27128540;BASF;Corrosivo;PELIGRO;No;No;No;No;Si;No;No;No;No;60;12/01/2024;12/01/2025;COSMETICA
RETALAC;L104394500246349;MEGGLE;Sin Riesgo;ATENCIÓN;No;No;No;No;No;No;No;No;No;1;05/05/2025;03/05/2027;FARMA
RETALAC;L104394500262256;MEGGLE;Sin Riesgo;ATENCIÓN;No;No;No;No;No;No;No;No;No;500;23/10/2025;22/10/2027;FARMA
RHEOVIS AT 120;17695624U0;BASF;Sin Riesgo;ATENCIÓN;No;No;No;No;No;No;No;No;No;250;17/05/2025;17/05/2026;INDUSTRIAL
RIBOFLAVIN FINE POWDER;RIB3872FP;BASF;Sin Riesgo;ATENCIÓN;No;No;No;No;No;No;No;No;No;50;20/11/2024;19/11/2028;FARMA
SALCARE SC 96;CR50271707;BASF;Corrosivo;PELIGRO;No;No;No;No;Si;No;No;No;Si;300;27/01/2025;27/07/2026;COSMETICA
SALCARE SUPER 7 AT 1;28102462;BASF;Sin Riesgo;INERTE (no requiere);No;No;No;No;No;No;No;No;Si;900;10/03/2024;10/03/2026;COSMETICA
SEANACTIV BC 10113;28712099;BASF;Sin Riesgo;INERTE (no requiere);No;No;No;No;No;No;No;No;No;60;01/02/2024;25/07/2026;COSMETICA
SHADOWNYL;27318879;BASF;Sin Riesgo;INERTE (no requiere);No;No;No;No;No;No;No;No;No;475;14/06/2023;13/06/2024;COSMETICA
SLIM EXCESS A00073;18576329 SLIM EXCESS;BASF;Corrosivo;PELIGRO;No;No;No;No;Si;No;No;No;No;675;08/10/2017;08/10/2019;COSMETICA
SMARTVECTOR UVCE C00013;27260566;BASF;Corrosivo;PELIGRO;No;No;No;No;Si;No;Si;No;No;475;12/06/2024;06/12/2025;COSMETICA
SOKALAN CP 88;008A241025;BASF;Sin Riesgo;INERTE (no requiere);No;No;No;No;No;No;No;No;No;400;07/10/2024;07/10/2026;INDUSTRIAL
SOKALAN HP 20;07214616K0;BASF;Sin Riesgo;ATENCIÓN;No;No;No;No;No;No;No;No;No;2200;15/05/2021;15/05/2023;INDUSTRIAL
SOKALAN HP 96;45483575L0;BASF;Sin Riesgo;INERTE (no requiere);No;No;No;No;No;No;No;No;No;900;19/03/2024;19/03/2026;INDUSTRIAL
SOKALAN K 30 P;36951109T0;BASF;Sin Riesgo;ATENCIÓN;No;No;No;No;No;No;No;No;No;650;28/02/2022;28/02/2025;INDUSTRIAL
SOKALAN PA 25 CL GRANULADO;50564036W0;BASF;Sin Riesgo;INERTE (no requiere);No;No;No;No;No;No;No;No;No;500;15/12/2023;16/06/2025;INDUSTRIAL
SOLUPRAT DISHES PREMIUM;28843643;BASF;Corrosivo;PELIGRO;No;No;No;No;Si;No;No;No;No;2000;01/11/2024;25/04/2026;INDUSTRIAL
SOLUPRAT JABON LIQUIDO;25266154;BASF;Corrosivo;PELIGRO;No;No;No;No;Si;No;No;No;No;900;22/03/2022;22/03/2023;COSMETICA
SOLUPRAT SULFATE FREE;28757763;BASF;Corrosivo;PELIGRO;No;No;No;No;Si;No;No;No;No;2000;11/10/2024;12/04/2026;COSMETICA
SORBOLAC 400;L103841025;MEGGLE;Sin Riesgo;INERTE (no requiere);No;No;No;No;No;No;No;No;No;1000;09/03/2025;27/02/2028;FARMA
SPHINGOCERYL VEG LS 9948;28626669;BASF;Sin Riesgo;INERTE (no requiere);No;No;No;No;No;No;No;No;No;500;28/08/2024;28/08/2025;COSMETICA
STARLAC;L104260824;MEGGLE;Sin Riesgo;INERTE (no requiere);No;No;No;No;No;No;No;No;No;3000;19/02/2024;14/02/2027;FARMA
SULFOPON 1216 G;28348798;BASF;Corrosivo;PELIGRO;No;No;No;No;Si;No;No;No;No;400;25/05/2024;25/05/2026;INDUSTRIAL
TABLETOSE 100;L104291825;MEGGLE;Sin Riesgo;ATENCIÓN;No;No;No;No;No;No;No;No;No;4000;28/04/2025;19/04/2027;FARMA
TABLETOSE 70;L104051325;MEGGLE;Sin Riesgo;ATENCIÓN;No;No;No;No;No;No;No;No;No;2000;24/03/2025;19/03/2028;FARMA
TABLETOSE 80;L104311724;MEGGLE;Sin Riesgo;ATENCIÓN;No;No;No;No;No;No;No;No;No;1000;22/04/2024;12/04/2027;FARMA
TETRONIC 901;28273083;BASF;Sin Riesgo;INERTE (no requiere);No;No;No;No;No;No;No;No;No;600;08/07/2024;08/07/2026;INDUSTRIAL
TEXAPON K 12 G;23739948;BASF;Corrosivo;PELIGRO;No;No;No;No;Si;No;Si;No;No;720;14/12/2020;14/12/2022;COSMETICA
TEXAPON K 12 P;29264728;BASF;Inflamable;PELIGRO;No;Si;No;No;Si;No;Si;No;No;700;19/03/2025;19/03/2027;COSMETICA
TEXAPON SB 3 KC;29767703;BASF;Corrosivo;PELIGRO;No;No;No;No;Si;No;No;No;No;900;21/10/2025;22/04/2026;COSMETICA
TEXAPON V 95 G;26838544;BASF;Corrosivo;PELIGRO;No;No;No;No;Si;No;No;No;No;1000;10/01/2023;09/01/2025;COSMETICA
TINOGARD Q;29124575;BASF;Inflamable;ATENCIÓN;No;Si;No;No;No;No;No;No;No;950;18/02/2025;12/08/2026;COSMETICA
TINOGARD TT;29120883;BASF;Sin Riesgo;INERTE (no requiere);No;No;No;No;No;No;No;No;No;1000;10/02/2025;15/01/2030;COSMETICA
TINOMAX CC;01242629U0;BASF;Sin Riesgo;INERTE (no requiere);No;No;No;No;No;No;No;No;No;490;30/01/2023;29/01/2025;COSMETICA
TINOPAL CBS-X;27187295;BASF;Toxico;ATENCIÓN;No;No;No;No;No;No;Si;No;No;500;01/05/2023;04/04/2028;INDUSTRIAL
TINOPAL CBS-X;27367380;BASF;Toxico;ATENCIÓN;No;No;No;No;No;No;Si;No;No;40;27/06/2023;31/05/2028;INDUSTRIAL
TINOSAN HP 100;SHDC15825;BASF;Corrosivo;PELIGRO;No;No;No;No;Si;No;No;No;Si;1300;31/05/2025;21/05/2027;INDUSTRIAL
TINOSORB A2B;42379197V0;BASF;Sin Riesgo;INERTE (no requiere);No;No;No;No;No;No;No;No;No;450;25/10/2023;25/10/2025;COSMETICA
TINOSORB A2B;47064124U0;BASF;Sin Riesgo;INERTE (no requiere);No;No;No;No;No;No;No;No;No;300;04/09/2024;04/09/2026;COSMETICA
TINOSORB M;28444056;BASF;Sin Riesgo;INERTE (no requiere);No;No;No;No;No;No;No;No;No;1000;09/07/2024;09/07/2026;COSMETICA
TINOSORB S;28408516;BASF;Sin Riesgo;INERTE (no requiere);No;No;No;No;No;No;No;No;No;300;14/06/2024;13/06/2029;COSMETICA
TINOSORB S;29112439;BASF;Sin Riesgo;INERTE (no requiere);No;No;No;No;No;No;No;No;No;1000;23/01/2025;22/01/2030;COSMETICA
TINOSORB S AQUA;27023098;BASF;Sin Riesgo;INERTE (no requiere);No;No;No;No;No;No;No;No;No;1000;02/03/2023;01/03/2025;COSMETICA
TINOVIS GTC UP;28549280;BASF;Sin Riesgo;INERTE (no requiere);No;No;No;No;No;No;No;No;No;1100;05/08/2024;04/02/2026;COSMETICA
TRICHOGEN VEG BC 10164;29017301;BASF;Sin Riesgo;ATENCIÓN;No;No;No;No;No;No;No;No;No;150;12/12/2024;12/12/2026;COSMETICA
TRICHOGEN VEG LS 8960;28785490;BASF;Toxico;ATENCIÓN;No;No;No;No;No;No;Si;No;No;400;15/10/2024;15/10/2026;COSMETICA
TRICHOLASTYL LS 9912;27199146;BASF;Sin Riesgo;INERTE (no requiere);No;No;No;No;No;No;No;No;No;500;03/05/2023;02/05/2025;COSMETICA
TRILON B POLVO;2,26E+07;BASF;Corrosivo;PELIGRO;No;No;No;No;Si;No;Si;Si;No;1400;11/12/2024;09/06/2026;INDUSTRIAL
TRILON BS POWDER;00361F1731;BASF;Toxico;ATENCIÓN;No;No;No;No;No;No;Si;Si;No;1000;18/06/2023;17/06/2026;INDUSTRIAL
TRILON G;2419934HOC;BASF;Sin Riesgo;INERTE (no requiere);No;No;No;No;No;No;No;No;No;500;08/12/2023;07/12/2026;INDUSTRIAL
TRILON M GRANULADO;95198936W0;BASF;Sin Riesgo;INERTE (no requiere);No;No;No;No;No;No;No;No;No;100;26/07/2021;25/01/2025;INDUSTRIAL
TRILON M MAX BIOBASED G;12178375L0;BASF;Sin Riesgo;INERTE (no requiere);No;No;No;No;No;No;No;No;No;1000;06/03/2025;05/03/2028;INDUSTRIAL
TRILON M POLVO;80852175L0;BASF;Sin Riesgo;INERTE (no requiere);No;No;No;No;No;No;No;No;No;400;04/04/2022;04/04/2023;INDUSTRIAL
TURMERIC RHIZOME PE 95% CURCUMINOIDS HPLC;HS00015374;GIVAUDAN INTERNATIONAL;Sin Riesgo;INERTE (no requiere);No;No;No;No;No;No;No;No;No;15;12/10/2023;09/10/2025;FARMA
TURMERIC RHIZOME PE 95% CURCUMINOIDS HPLC;HS00016241;GIVAUDAN INTERNATIONAL;Sin Riesgo;INERTE (no requiere);No;No;No;No;No;No;No;No;No;15;04/12/2023;01/12/2025;FARMA
ULTRA FILLING SPHERES;28638217;BASF;Sin Riesgo;INERTE (no requiere);No;No;No;No;No;No;No;No;No;75;10/07/2025;04/01/2027;COSMETICA
UVINUL A PLUS B;51393488Q0;BASF;Sin Riesgo;INERTE (no requiere);No;No;No;No;No;No;No;No;Si;400;31/01/2023;31/01/2026;COSMETICA
UVINUL A PLUS GRANULAR;67170116K0;BASF;Sin Riesgo;INERTE (no requiere);No;No;No;No;No;No;No;No;No;400;19/02/2024;18/02/2027;COSMETICA
UVINUL A PLUS GRANULAR;K25213U011;BASF;Sin Riesgo;INERTE (no requiere);No;No;No;No;No;No;No;No;No;1000;13/02/2025;13/02/2028;COSMETICA
UVINUL A PLUS GRANULAR;K25214U011;BASF;Sin Riesgo;INERTE (no requiere);No;No;No;No;No;No;No;No;No;500;14/02/2025;14/02/2028;COSMETICA
UVINUL MC 80;40961516K0;BASF;Sin Riesgo;INERTE (no requiere);No;No;No;No;No;No;No;No;No;600;30/09/2023;30/09/2026;COSMETICA
UVINUL T 150;235068P050;BASF;Sin Riesgo;INERTE (no requiere);No;No;No;No;No;No;No;No;No;200;31/10/2023;31/10/2026;COSMETICA
UVINUL T 150;245042P050;BASF;Sin Riesgo;INERTE (no requiere);No;No;No;No;No;No;No;No;No;1000;06/02/2024;05/02/2027;COSMETICA
VERDESSENCE ALGINATE;29859447G0;BASF;Sin Riesgo;INERTE (no requiere);No;No;No;No;No;No;No;No;No;90;29/03/2022;29/03/2023;COSMETICA
VERDESSENCE GLUCOMANNAN;2102991209;BASF;Sin Riesgo;INERTE (no requiere);No;No;No;No;No;No;No;No;No;30;10/02/2022;10/02/2025;COSMETICA
VERDESSENCE GLUCOMANNAN;2022070901;BASF;Sin Riesgo;INERTE (no requiere);No;No;No;No;No;No;No;No;No;470;09/07/2022;08/07/2025;COSMETICA
VERDESSENCE GLUCOMANNAN;92982188Q0;BASF;Sin Riesgo;INERTE (no requiere);No;No;No;No;No;No;No;No;No;970;10/03/2025;09/09/2026;COSMETICA
VERDESSENCE RICE TOUCH;2306193170;BASF;Sin Riesgo;INERTE (no requiere);No;No;No;No;No;No;No;No;No;300;19/06/2023;18/06/2026;COSMETICA
VERDESSENCE TARA;9405301025;BASF;Sin Riesgo;INERTE (no requiere);No;No;No;No;No;No;No;No;No;770;30/10/2025;01/05/2027;COSMETICA
VERDESSENCE XANTHAN;01052429U0;BASF;Sin Riesgo;INERTE (no requiere);No;No;No;No;No;No;No;No;No;1160;10/04/2023;09/04/2026;COSMETICA
VITACEL CS 20 FC;71287230302;JRS;Sin Riesgo;INERTE (no requiere);No;No;No;No;No;No;No;No;No;600;30/03/2023;30/03/2028;COSMETICA
VITACEL CS 30 OAT;7848230115;JRS;Sin Riesgo;INERTE (no requiere);No;No;No;No;No;No;No;No;No;100;31/01/2023;31/01/2028;COSMETICA
VITACEL CS 5 APPLE;7828181019 VITACEL CS 5 APPLE;JRS;Sin Riesgo;ATENCIÓN;No;No;No;No;No;No;No;No;No;700;01/10/2018;01/10/2020;COSMETICA
VITAMINA E ACETATO CARE;99582624U0;BASF;Sin Riesgo;INERTE (no requiere);No;No;No;No;No;No;No;No;No;650;05/06/2024;05/06/2026;COSMETICA
VIVAPHARM HPMC E 5;81005234042;JRS;Sin Riesgo;INERTE (no requiere);No;No;No;No;No;No;No;No;No;1000;01/10/2023;01/10/2026;FARMA
VIVAPHARM HPMC E 50;21834/25;JRS;Sin Riesgo;INERTE (no requiere);No;No;No;No;No;No;No;No;No;300;01/04/2025;01/04/2028;FARMA
VIVAPHARM PVA 05 FINE;20PX04 X;JRS;Sin Riesgo;INERTE (no requiere);No;No;No;No;No;No;No;No;No;500;01/05/2021;30/04/2024;FARMA
VIVAPHARM PVA 05 FINE;23O104;JRS;Sin Riesgo;INERTE (no requiere);No;No;No;No;No;No;No;No;No;500;01/01/2023;01/01/2028;FARMA
VIVAPHARM PVPP XL;50821006;JRS;Sin Riesgo;ATENCIÓN;No;No;No;No;No;No;No;No;No;1200;30/08/2021;30/08/2024;FARMA
VIVAPUR 101;66101230201;JRS;Sin Riesgo;INERTE (no requiere);No;No;No;No;No;No;No;No;No;400;31/01/2023;30/01/2028;FARMA
VIVAPUR 105;6610518081 VIVAPUR 105;JRS;Sin Riesgo;ATENCIÓN;No;No;No;No;No;No;No;No;No;400;30/05/2021;30/05/2023;FARMA
VIVAPUR 105;7995250903;JRS;Sin Riesgo;ATENCIÓN;No;No;No;No;No;No;No;No;No;400;30/09/2025;30/09/2030;FARMA
VIVAPUR 112;56112240405;JRS;Sin Riesgo;INERTE (no requiere);No;No;No;No;No;No;No;No;No;400;01/01/2024;01/01/2027;FARMA
VIVAPUR 14;66014230337;JRS;Sin Riesgo;INERTE (no requiere);No;No;No;No;No;No;No;No;No;400;01/09/2023;01/09/2026;FARMA
VIVAPUR 200;56200191848;JRS;Sin Riesgo;INERTE (no requiere);No;No;No;No;No;No;No;No;No;1600;30/11/2019;30/11/2024;FARMA
VIVAPUR 302;56302210329;JRS;Sin Riesgo;ATENCIÓN;No;No;No;No;No;No;No;No;No;400;01/07/2021;01/07/2026;FARMA
VIVAPUR CS 150 CHARCOAL;54150210116;JRS;Sin Riesgo;INERTE (no requiere);No;No;No;No;No;No;No;No;No;100;30/04/2021;30/04/2026;COSMETICA
VIVAPUR CS 9 FM;32101240410;JRS;Sin Riesgo;INERTE (no requiere);No;No;No;No;No;No;No;No;No;100;10/04/2024;10/04/2029;COSMETICA
VIVAPUR CS 9 FM;32101250303;JRS;Sin Riesgo;INERTE (no requiere);No;No;No;No;No;No;No;No;No;500;30/03/2025;30/03/2030;COSMETICA
VIVAPUR CS SENSORY 15 S;32440021032;JRS;Sin Riesgo;ATENCIÓN;No;No;No;No;No;No;No;No;No;25;30/11/2020;30/11/2025;COSMETICA
VIVAPUR CS TEX SUN;39026031801;JRS;Sin Riesgo;INERTE (no requiere);No;No;No;No;No;No;No;No;No;200;30/11/2023;30/11/2027;COSMETICA
VIVAPUR CS TEX SUN;39026031801;JRS;Sin Riesgo;INERTE (no requiere);No;No;No;No;No;No;No;No;No;575;30/11/2023;30/11/2027;COSMETICA
VIVAPUR MCG 591 P;38591250624;JRS;Sin Riesgo;INERTE (no requiere);No;No;No;No;No;No;No;No;No;1200;01/06/2025;01/06/2028;FARMA
VIVAPUR MCG 611 P;38611221120;JRS;Sin Riesgo;INERTE (no requiere);No;No;No;No;No;No;No;No;No;800;01/11/2022;01/11/2025;FARMA
VIVAPUR MCG 811 P;33811240117;JRS;Sin Riesgo;INERTE (no requiere);No;No;No;No;No;No;No;No;No;800;01/01/2024;01/01/2028;FARMA
VIVASTAR CS 302 SV;2344554002 VIVASTAR CS 302 SV;JRS;Sin Riesgo;ATENCIÓN;No;No;No;No;No;No;No;No;No;250;30/11/2023;30/11/2025;COSMETICA
VIVASTAR CS 352 SV;2131571006 VIVASTAR CS 352 SV;JRS;Sin Riesgo;ATENCIÓN;No;No;No;No;No;No;No;No;No;90;01/03/2025;01/03/2027;COSMETICA
Z COTE HP 1;CNVL0802;BASF;Sin Riesgo;ATENCIÓN;No;No;No;No;No;No;No;No;Si;100;08/12/2022;07/12/2025;COSMETICA
Z COTE HP 1;CNWD2002;BASF;Sin Riesgo;ATENCIÓN;No;No;No;No;No;No;No;No;Si;500;20/04/2023;19/04/2026;COSMETICA
Z COTE SHEER;RTVL0981;BASF;Sin Riesgo;ATENCIÓN;No;No;No;No;No;No;No;No;Si;300;02/08/2024;02/07/2026;COSMETICA
ZINC OXIDE;25AZOXF004;SUDEEP;Sin Riesgo;PELIGRO;No;No;No;No;No;No;No;No;Si;1000;01/01/2025;01/12/2027;FARMA
ZINC SULPHATE MONOHYDRATE;25AZSMF001;SUDEEP;Corrosivo;PELIGRO;No;No;No;No;Si;No;Si;No;Si;200;03/01/2025;01/12/2029;FARMA
